Rank,Firm Name,Location,Price Tier,Notability
1,Solomon Admissions Consulting,Miami / South Florida,"Elite, high-net-worth families",Vault-verified outcomes; big team
2,H&C Education Consulting,Miami,"Ivy-grad consultants, incubator focus","High-touch, entrepreneurial elite"
3,Ivy Coach,Nationwide (FL clients),Unlimited $100K+ packages,"Prestige, ultra-elites"
4,Crimson Education,International (FL),$25K–$200K+ per student,"Global, highly visible premium"
5,Top Tier Admissions,Miami / FL-wide,High-end selective college focus,"Former Ivy officers, custom strategy"
6,JRA Educational Consulting,Palm Beach / Boca Raton,Therapeutic + strategic consulting,Integrated emotional support
7,Spark Admissions,Fort Lauderdale,Personal profile building approach,Boutique but premium positioning
8,Bentham Admissions,Florida-based,Essay/application-focused coaching,"Smaller, niche approach"
9,Gina B. Lee Consulting,Florida & International,Personal-brand strategy + selectives,"High-brow, luxe positioning"
10,Winter Park College Consultants,Orlando region,Graduate-level education planning,Balanced and trusted
11,Score At The Top,Multiple FL Locations,Mid to high-tier families,Academic + admissions hybrid support
12,International College Counselors,Boca Raton / Miami,Wide range from mid to elite,"One of largest in FL, 15,000+ students"
13,Vested Academics,Online / FL Clients,Upper-middle income to high-tier,"Virtual-first, premium positioning"
14,Class 101,Multiple FL Locations,Mid-tier families,"Franchise model, college readiness"
15,Lotus Educational Services,Tampa Bay Area,"Boutique, private clients",Holistic admissions and emotional focus
